000001.SS,IDX,PSEI.PS,^AXJO,^FTSE,^HSI,^IXIC,^KLSE,^MXX,^N225,^NSEI,^SET.BK,^STI
-2.4328217249813786,-1.9000066014661279,-1.701596277689525,-1.8706194704255266,-1.469310473021198,-2.243603605372915,-2.0443659212056065,-1.9187295294507438,-1.975193051805661,-1.8379397931763408,-2.1631930398658157,-1.7181170007757665,-1.9602666636130848
-2.4597249410381874,-1.9000066014661279,-1.7958792717295684,-1.9434355733253585,-1.5225771586980226,-2.369664315028516,-1.8288402693805048,-1.9587170820752782,-1.9170945509130113,-2.024428840419779,-2.2644512921991287,-1.7308807554487309,-2.0023912504071024
-2.4007310585046144,-1.8777355937757387,-1.757715865239848,-1.848645517136841,-1.5355978215170434,-2.34474293615461,-1.9641907061524735,-1.9264855710259847,-1.9560278043799013,-1.8539016344733366,-2.2558870159095608,-1.6850353757603314,-1.9928936522241034
-2.443031537740376,-1.8348237397977047,-1.767794984106448,-2.159083161536996,-1.5350904371800456,-2.371350177824228,-1.9257793677490211,-1.9628535440710078,-1.9474218173897389,-2.2021020962580646,-2.295349102004758,-1.715968079338962,-2.045499259807097
-2.235433095369955,-1.921734157023808,-1.818695788945723,-1.8014661313712248,-1.3456977769957814,-2.3048945857437535,-1.7987945808167882,-1.9227513235020341,-1.889820222870529,-2.1109197866149922,-2.1774108044288707,-1.7343973710803091,-1.9858542013649498
-2.0965206869793054,-1.9146725942201013,-1.7837615876470718,-1.953992054247765,-1.2373041340208857,-2.2087084383342783,-1.8028635616916702,-1.9392403635124773,-1.8914279786206059,-1.8684439181183194,-2.155972372391933,-1.7190937832470412,-1.9959775891341103
-2.1253175391852372,-1.8826246155185988,-1.711153657680903,-1.974026804449364,-1.2367971625271237,-2.1701633505234073,-1.7013345416350911,-1.9211424656149192,-1.8680394264630296,-1.969885430268747,-2.181720683886672,-1.7164889637453122,-2.002212570294227
-1.8790415242825178,-1.8158121774335805,-1.6289393600274384,-1.8850538315652066,-1.1302637911734752,-2.0105883037913346,-1.5533213886971198,-1.8252530627435897,-1.7246399962712764,-1.8256358507294317,-2.1111366709742785,-1.6451808623174204,-1.9781892337137004
-1.6812060369991246,-1.9836577683613492,-1.6589154489156772,-1.7894017320190174,-1.2819465244984536,-2.153607464380699,-1.716080623692403,-1.8369737397311499,-1.9454913121623796,-2.2474208779623135,-2.0552181100212166,-1.6696666028506488,-2.046102680279891
-1.466061949477448,-1.90163598288734,-1.6661566667476244,-1.692888115072056,-1.3032533639064776,-2.044226683189603,-1.740006151764427,-1.749414770156747,-1.9434769240263206,-2.1633047368895175,-1.993310158590746,-1.6361942648467038,-1.9998883648565215
-1.4700601877259207,-1.953782233223002,-1.6983834017304282,-1.8971177049605148,-1.5662047805015946,-2.2484193275969697,-1.9473612582038524,-1.814394324005055,-2.048632138929788,-2.31541596982638,-2.1924118852786947,-1.6853609036724266,-2.1512241461983432
-1.7943372502942734,-1.9309682608883614,-1.7108925891063167,-2.0072036396894846,-1.6123693239901562,-2.2247583365363597,-1.9561179116745335,-1.8333541601516383,-2.071672776737472,-2.4416012760635692,-2.1860868659107937,-1.6763741074667209,-2.121859774610207
-1.7432509784635435,-1.9521527543040984,-1.698546494913179,-1.9302945402006355,-1.5927539033198703,-2.22229156350369,-2.037985886349444,-1.8083042989559,-2.0836979908632016,-2.415232673706879,-2.1713093554456786,-1.6632196398052466,-2.170375926357914
-1.6415899549827702,-1.9890897547484607,-1.7284901244744477,-2.030470395036228,-1.8114006352044367,-2.330941836878822,-2.043161518761098,-1.8650680874517205,-2.156963320533594,-2.5757281170198727,-2.2305306358716352,-1.7084789500108812,-2.2472730270877803
-1.8215865372077895,-1.9325980323003396,-1.7478163679249465,-2.182995791955869,-1.934337094009347,-2.297645473908726,-2.0412084874134373,-1.840018576922479,-2.1627144925310113,-2.743664727329387,-2.2333853946348246,-1.730294685965966,-2.203695811895197
-1.8040676935054103,-1.9733371502221437,-1.7192591299855464,-2.191828712119831,-1.8792101367112757,-2.2284180759620345,-2.0945931986027593,-1.8259999823816793,-2.1822272548642414,-2.5247854683847506,-2.2013678197116473,-1.7112793247418543,-2.198443980546992
-2.056564313995291,-1.9912624908046905,-1.7302188325568153,-2.153050961860892,-1.7665889790001241,-2.2653306489942198,-2.205139541217317,-1.8437531751129264,-2.213628222572324,-2.528523248556404,-2.1754516937716626,-1.7262571859280378,-2.1969916249424917
-2.170198377637555,-1.992348712586268,-1.743527156614485,-2.155205281319722,-1.911169982980076,-2.2932715910894883,-2.2495077245714876,-1.859552804790748,-2.2739560116242727,-2.402996963222142,-2.200080513462282,-1.7289923755825962,-2.247429338087288
-2.1388446470143223,-2.051013171090619,-1.7692791519831772,-2.3585728278505096,-2.256642569795555,-2.458869399841886,-2.4285102994303873,-1.9406191841777203,-2.4421444391064644,-2.730497622824435,-2.2997710399683426,-1.8266745974098513,-2.3847980632776404
-2.203997001327798,-2.0374334976159147,-1.763489443564014,-2.4251416147024942,-2.448909857431826,-2.5539093831064212,-2.434499728017018,-1.9855476277415416,-2.4087167005472288,-2.7877902817927294,-2.358208730794101,-1.8490112177712863,-2.3957259207458375
-1.8291242350116053,-1.944548031860757,-1.72118358971461,-2.5388897873200955,-2.2226535990219993,-2.4542811430891995,-2.3279575963669314,-1.9959466427028296,-2.25907118919673,-2.7182164243649165,-2.3326842629975006,-1.817948342774815,-2.3603502591312604
-1.761152017329176,-2.0113604699457754,-1.6585890634132003,-2.4912791168971937,-2.418810282784273,-2.494468237043749,-2.504225927339106,-1.9826749678001194,-2.353135885242836,-2.556289219309116,-2.409369451579657,-1.822832453866178,-2.4177826849084747
-1.8442162478002477,-2.0113604699457754,-1.6653412008338708,-2.5839148536268817,-2.4174573955000236,-2.5915662100693866,-2.5229106557276513,-2.0459885051223416,-2.4189036806451685,-2.852115825447314,-2.360727587353369,-1.8072031393858259,-2.4301184325485026
-2.019187938984767,-1.905438490355548,-1.731376814068043,-2.3900261023321865,-2.110708678531354,-2.5647511402352805,-2.092412479165127,-2.1599179459192643,-2.0463948619220416,-2.823543275239336,-2.3637501605618048,-1.8363124494397474,-2.473896696967329
-2.03408271305967,-1.9461776082773523,-1.7698174192273473,-2.153697362889921,-2.0403630810259976,-2.3890456823429154,-2.074834402313354,-2.1308466413387324,-1.9293837964799334,-2.402020081227146,-2.2497858402397974,-1.7728190052520316,-2.286201831404953
-1.7692901011077804,-1.934227511219243,-1.9276406410643843,-1.9238315818241456,-1.8655128238285121,-2.270978011164674,-1.9751932463326112,-2.1399243449402454,-1.9522810344579833,-1.9704762192095024,-2.2070213079851344,-1.788904019062319,-2.3275219484999337
-1.7533123203226386,-1.9130432127988892,-1.909782037121667,-1.9358954552194538,-1.9536143960693795,-2.1908519078991686,-1.8804348674017268,-2.1049351925604656,-1.8918613736488874,-1.944300663379933,-2.165320238281699,-1.763636852552071,-2.289732877788246
-1.62892116067721,-1.921734157023808,-1.8935055764475142,-1.8628642359478782,-1.9334915910620958,-2.186243686551154,-1.9056299651900837,-2.0806901109747815,-1.8967637304987488,-1.9740775354568123,-2.151382619983102,-1.753738458951505,-2.269798997043006
-1.4521887707916559,-1.7614934835347635,-1.7323227147006022,-1.7118462315011393,-1.7036836422932835,-2.0801708097041196,-1.670312536078251,-1.9306223836882108,-1.7433942174444077,-1.6678214242715292,-2.002770082986295,-1.6856864315845217,-2.0927638323824813
-1.413895560881003,-1.7310743987660155,-1.6693697418436966,-1.6478630487652697,-1.7735222683048781,-1.9250262666927906,-1.798078535549548,-1.9328056332970114,-1.7646269788484028,-1.35793071295495,-2.0041134184885525,-1.6857516166609365,-1.9983241636851834
-1.5525832760849387,-1.7669249824334174,-1.6337341801181247,-1.5847413834301725,-1.7924614517546573,-2.0216244702583133,-1.7576168122521123,-1.9276922144413209,-1.7584587889620213,-1.367371131916244,-1.9530084536424595,-1.693826616736793,-2.031085094182342
-1.344990613603565,-1.7544317257356739,-1.5542761373394498,-1.5043851624244358,-1.7503555701188431,-1.8584531780594797,-1.5686531814780231,-1.889428538314837,-1.703346120176657,-1.1897550134121346,-1.8434103153445736,-1.6776766165850798,-1.881112464785616
-1.3073071819874027,-1.7495430939835799,-1.469485206362894,-1.4490192575238858,-1.7948291077129024,-1.85492762689749,-1.7047200608786452,-1.889658224870212,-1.7497872934145888,-1.2003892143457346,-1.8138558410412016,-1.6684944638851191,-1.9104544672603847
-1.3558336854563078,-1.8250462812981338,-1.4974390592672089,-1.5952978643525788,-2.0248059093652233,-2.0771846299044543,-1.8459947589654204,-1.982100225411937,-1.9103351862415086,-1.6444749985807892,-1.9599495214787408,-1.7414955886848908,-2.0725170568441604
-1.3109326173923244,-1.790281821914618,-1.557603317922355,-1.6433387675189672,-1.7488334171078495,-2.0370715031391557,-1.7587886310607088,-1.9636579730145651,-1.8905791634730498,-1.7882475091163017,-1.9120352175997586,-1.7291225470004363,-2.012514638176263
-1.2079364395416237,-1.745740781510755,-1.5884926489792077,-1.6485094497942985,-1.6989487432200299,-2.0560002305299543,-1.6838867993269664,-1.8968398747237674,-1.8387103665998281,-1.5128816159272374,-1.8679270765294098,-1.738304699700397,-2.0074417597349985
-1.1568176558350027,-1.6691508849261658,-1.5630505107440442,-1.432000344181889,-1.4124925098286245,-1.7200425661065781,-1.517774628724041,-1.7768200582111928,-1.699186326789999,-1.0949480888029621,-1.6992197163113512,-1.6544933851702104,-1.7815554522143842
-1.3873651476677455,-1.6800145652073142,-1.416382743124972,-1.562767430141487,-1.749848185781845,-1.7358309608386975,-1.5567390942151726,-1.7607332326725285,-1.7057224031473917,-1.2366986033863112,-1.5515588566734169,-1.6505208714737076,-1.8248645108406218
-0.8347181664652218,-1.404617613268106,-1.429674737950669,-1.2262628358636292,-1.5342449342327944,-1.364448576667801,-1.297040760851373,-1.4538755013565816,-1.3665210908143648,-1.05464019583284,-1.5218362946113697,-1.5893067188756256,-1.5839829863358255
-0.9240860884285099,-1.3888651062394806,-1.3816118341460468,-1.2241085164047991,-1.4669428170629533,-1.3583223914979043,-1.2884796091961646,-1.431526473518855,-1.3571869202882048,-0.8815906262116412,-1.505155976055367,-1.5643652790124618,-1.5732338089805036
-0.7657012338374922,-1.4312337030801885,-1.393696660627623,-1.2406966710464098,-1.6392565654186853,-1.3081713280320648,-1.4996108411486764,-1.4131413797604544,-1.4895793150888734,-0.8620840512701123,-1.5133280475746933,-1.5026300432730404,-1.6217499607282109
-0.8297055576889472,-1.4105926617971607,-1.4545624788466651,-1.4380325438579926,-1.645005820322699,-1.4640198684950683,-1.3835960107606688,-1.4233107081663676,-1.5653623303475228,-1.10454827040739,-1.5265381055259841,-1.501978788713861,-1.5940392667648833
-1.0501201815356345,-1.4469866000995801,-1.415567078074243,-1.4578521776878484,-1.5719544482488441,-1.6005705001979154,-1.3762066779140567,-1.4119347363451182,-1.5115606315924075,-1.0864052252464969,-1.5657203186701516,-1.5394888254907233,-1.6920097090514092
-1.0424018621990907,-1.4877256205236928,-1.4237380664437522,-1.2967089769759885,-1.5930920219301237,-1.487959054736489,-1.356382714352827,-1.3541368323503655,-1.4401195554650215,-0.9504039468903689,-1.4611598934908017,-1.5040627238092397,-1.6549803698120233
-1.0878541871809606,-1.437751813751186,-1.3661181809217027,-1.362846479170688,-1.3600713270990514,-1.4730821583320843,-1.219404287869492,-1.2734726674351717,-1.2861528759892233,-1.10834263318182,-1.3972928314031228,-1.4519003537582889,-1.6709139983813819
-1.215835380410896,-1.465998064966013,-1.3954745555428838,-1.3212680084238901,-1.3414702622595254,-1.6133160942288631,-1.2678414520985448,-1.345633871137035,-1.4405737214992667,-1.0874958271784456,-1.4093273682974028,-1.445909288777811,-1.7474310969780644
-1.2274059957974681,-1.4296043216589764,-1.4315665392157872,-1.3712486406342643,-1.4608554435486865,-1.7089357053348286,-1.2860704069457338,-1.4284812856610292,-1.47423273722106,-1.3517166118147212,-1.5298405516854496,-1.4606917934697397,-1.7702252234996356
-0.6473558381355441,-1.0781602427840473,-1.1454724209465654,-0.8751087640743478,-0.94966386622874,-0.8165225488891794,-1.147953142651128,-1.0965743944823376,-1.0801596198833636,-0.3384031868703912,-1.1698681807217044,-1.1025238455047932,-0.802162832965943
-0.6997353601406083,-1.0238417438806136,-1.1020410449129037,-0.9024685160101082,-0.887435179585642,-0.8600715497817124,-1.0991253721525431,-1.0849112268002454,-1.0078393709843207,-0.2631028372027476,-1.3146182523435577,-1.0539430774268463,-0.9708848712756889
-0.5860239904823363,-1.041223437335068,-1.1210247727659284,-1.0075994107923896,-0.9043452385306656,-0.8380555104608127,-1.148994626916076,-1.0991595078964203,-1.0582581918643055,-0.43734507933345285,-1.173002539122495,-0.9929894663994339,-0.9440015617128965
-0.45109753807593406,-1.0591489729129977,-1.0726030241318596,-1.053055235799562,-1.0634690583406319,-0.8695661876585528,-1.3173856652257834,-1.1001936233953524,-1.1689988101599031,-0.38976576717513933,-1.224331347666726,-0.9397849300658047,-0.9280005530093698
-0.5217631840544072,-1.0988014790624583,-1.1041937156156332,-1.338933848751815,-1.0107093441575696,-1.0431468889464213,-1.2359408804563174,-1.16253055452411,-1.1176820427144096,-0.670107046288745,-1.271126159741589,-1.1101429475157254,-1.0691905774686632
-0.5058540394517022,-1.1748483135051047,-1.031667232672352,-1.2316486345107038,-1.0352289296278538,-0.9596929167415257,-1.26546523084544,-1.1497757620376177,-1.1308137123501298,-0.47550727124926284,-1.1835819553221631,-1.0621484476555323,-1.0297030909054319
-0.48361158142541344,-1.041223437335068,-1.0795015272293575,-1.3126507305885704,-0.868834114746116,-0.8818689604193397,-1.0954795811831053,-1.1624155359131743,-1.009379221522593,-0.7326374791336723,-0.4542330449385866,-1.0211219939820806,-0.9465712818095144
-0.41287585429224166,-0.9032534790433382,-1.0302318533545654,-1.1366429359935437,-0.8082964339975204,-0.7072193350602626,-1.088383103698289,-1.0964593758714019,-0.9257064195371074,-0.44679770238554173,-0.4594943284418318,-0.9152995870025543,-0.7602392953981684
-0.4876510013833482,-0.9640904786085357,-0.9907963598667843,-1.1209162987527053,-0.8318012507938087,-0.730072578231178,-1.1101930796045052,-0.9864938691538047,-0.9144621153471296,-0.38505165973988986,-0.5133982961116512,-0.8831295593819791,-0.7403951639004641
-0.608366874080822,-0.9966822019358219,-0.9907473721708664,-1.143967937727705,-1.0396257100908544,-0.8226893178266295,-1.2162794377132349,-1.027112972138996,-1.0327410110378699,-0.4764946931408543,-0.5798959999509526,-0.9654428095645627,-0.8706128654588905
-0.646899949386938,-0.9467087851540813,-1.0183103191927152,-1.256638424658992,-1.0061441236542963,-0.8685941409679558,-1.2268262043520162,-0.9713836498086047,-0.9771170559518602,-0.5200533121136314,-0.5489979168318947,-0.9312540319250234,-0.7939615521820024
-0.6736109841329239,-0.9434494373255079,-1.03006895930879,-1.1989030839278685,-0.9276807896002094,-0.8923755741774345,-1.0366581711334184,-0.9347859902082069,-0.8652803676492535,-0.4234856700415874,-0.6853517999228549,-1.005036781436804,-0.8084425523527949
-0.5423511488409052,-1.007545979714662,-0.953905438649075,-1.1715428060352089,-0.9200712630749488,-0.5928549326712816,-1.099646312965724,-0.9574797232122441,-0.8923314073776258,-0.27811164995493753,-0.5069612182379665,-0.9222024481128812,-0.6580675517095179
-0.28089642281383365,-0.7212847625081561,-0.7871122908977229,-0.9705452212918942,-0.7678807325697364,-0.25659878118331847,-0.7819399683658002,-0.8763558345198037,-0.7700684729660743,-0.006608351502475088,-0.22277811443696818,-0.7621989210634399,-0.49271997598949224
-0.27195348948539205,-0.7408398745026811,-0.7352980447528589,-0.839346850675011,-0.8172584349637941,-0.42400616776477673,-0.7555078844970227,-0.8658996609195444,-0.7540755972588511,0.02356570825664005,-0.22798364200075036,-0.7991878746989631,-0.5022175741724912
-0.11130147341556926,-0.7614809157857089,-0.7666605252629665,-0.705994686556197,-0.9755367518265093,-0.36120344205256893,-0.7909243099264529,-0.9131260220366053,-0.8629815765084605,0.06601042657867806,-0.22188219301755843,-0.7474162176365223,-0.4843397422986108
-0.14487540391909806,-0.6599045058056324,-0.729067845344386,-0.8839411582814111,-0.9696182311957511,-0.3859039012240665,-0.7124744381310091,-0.8638889392271476,-0.8432031849643485,-0.016594626161143152,-0.17491983981087778,-0.6735034954418905,-0.5314480038744874
-0.18439033787712478,-0.5844009285003122,-0.6728996683720957,-0.8050933816623745,-0.8821928961753903,-0.3266640375569219,-0.7144274694786698,-0.7976452326580356,-0.8094622835459675,0.09593485720789649,-0.15896708160218098,-0.6020650238611692,-0.45633852265557
-0.08378631160587717,-0.5985238591123425,-0.7388207778454846,-0.8832952832092814,-0.9393493908214532,-0.5348011623397342,-0.6795645684983325,-0.8189601449968297,-0.7697005864950629,0.11730532965265422,-0.19921248398414718,-0.5814868106830179,-0.5602086821957644
0.00013984481937390412,-0.6066719361907015,-0.6695724877891907,-0.6904836916440011,-0.8852372021973777,-0.2910949836038278,-0.7025137795772328,-0.7547278614531079,-0.7540979660345043,0.349828762106045,-0.08244970746527079,-0.4719524315776584,-0.4678029660505239
-0.055870892479659255,-0.6370904359733002,-0.5585396844847644,-0.6413651027912985,-0.8427927891080741,-0.2892955517166555,-0.6722729865594568,-0.7203134514615106,-0.7154183585058252,0.338285911139621,-0.10209656997681754,-0.4555416911202866,-0.4888315693804485
-0.07886762602662122,-0.7446418944824312,-0.5356253910137496,-0.6747570544031627,-1.0726003250336502,-0.3871803261713149,-0.8219788991192053,-0.7076158176139893,-0.8121864808665944,0.40456521878419716,-0.27416267892066215,-0.5542008941538055,-0.6346476356017852
-0.11889841508211983,-0.8005905547886095,-0.6965639116919985,-0.8238358557628153,-1.0682035445706497,-0.4989375487834289,-0.8877334711127343,-0.8055738021496803,-0.9502050221864758,0.0787459500546086,-0.23632407459218047,-0.6543577640649494,-0.6981142661069389
-0.017982997288448706,-0.8071088604549902,-0.8146744413716707,-0.9496479017757244,-1.1529231050225124,-0.526050778393674,-0.8490618609833984,-0.8240735638525202,-0.9653167279099303,0.17868746850005665,-0.4172898154026572,-0.7220838660498594,-0.7354565001394056
0.11157538316526976,-0.9086852704350666,-0.8268899017090277,-0.9754997352816838,-1.148864856013001,-0.6292546447054314,-0.8501689098815841,-0.9188138326139815,-0.9265180865393822,0.02289559272571732,-0.5345565818841301,-0.8243898561327967,-0.8119959678494558
0.19025990271074675,-0.8554527008201357,-0.8855373340234993,-0.9593423393404592,-1.0389494728703477,-0.5809036677036601,-0.7858790120584472,-0.8895703507835427,-0.9400016649492186,0.11666849800571771,-0.4649239730171808,-0.7035895879670868,-0.7315904626437294
0.23704665957641316,-0.9602886536241686,-0.8633901161812462,-0.9192723129803617,-1.2280036016011227,-0.5344457270851927,-0.9853568258354056,-0.9673046971183432,-1.1363439926879715,0.16212318890291033,-0.5526362651952818,-0.7471558748008418,-0.745579887908566
0.22637842936735128,-1.0042864368907054,-0.9315945302131453,-1.180591368527814,-1.2349368909058769,-0.7091162989049425,-0.9894905766206984,-0.9758651676371416,-1.099181467479489,-0.15218651274424047,-0.5394822364968827,-0.8281670133350445,-0.8368011322215863
0.31397987274055694,-0.8521937429823284,-0.8569476367571294,-1.1588325316108719,-1.150386596180759,-0.5905488582665861,-0.9002336664605898,-0.8990502688568344,-1.055241602690497,-0.105936337019777,-0.4880413694468682,-0.7527562267928096,-0.7186736636442751
0.32210856419945955,-0.7451853466151404,-0.7725804692639601,-1.0532708781282045,-1.1967199925528291,-0.46222953103125153,-0.779140557207251,-0.8056313114551482,-0.9459345832488185,0.12782525591790148,-0.5452475099627243,-0.6930399398073415,-0.6661575325147516
0.3314748744006161,-0.7598511443737306,-0.7564675000465088,-0.9502943028047532,-1.2163358260663508,-0.3532306954589863,-0.7508857765344613,-0.7960938840763887,-0.9024712532697248,0.22020023807048028,-0.39562753966758163,-0.6591766900798974,-0.631541602372476
0.47086701358219196,-0.7440988323404882,-0.7717815317191543,-0.9867026172331188,-1.1267125136577258,-0.377277232311355,-0.7318752117867945,-0.7956920202711067,-0.8993424207752276,0.11349876278742922,-0.378331172643199,-0.6214063104673544,-0.6332847564507551
0.42366049227446506,-0.8027631933471476,-0.820806665388308,-0.8402088940326825,-1.2024692474568428,-0.4274747707368124,-0.7612370413577697,-0.7991390719342145,-0.9208468030264406,0.31228121258118074,-0.49011253860986,-0.6482363289316423,-0.5975962000430971
0.7222300533326702,-0.7973314019554192,-0.8207250192284451,-1.0073837684637468,-1.2276658958341053,-0.4947312376495732,-0.8866268195759621,-0.7792029802606636,-0.9856615288089762,0.2187923297778628,-0.42546188692198345,-0.7202606712601393,-0.6251276683054187
0.7829550126359108,-0.7609376586483828,-0.7816646998020832,-1.2430666328338824,-1.3867888899576,-0.6478852123200904,-1.047270105044024,-0.8552709594028813,-1.1047872424351606,-0.29858345753206705,-0.7276689180946704,-0.7889637544513131,-0.7615579819105942
0.9080180843830884,-0.7001004640878021,-0.7623221271196119,-1.2529761867703608,-1.3555052809093062,-0.6245862022829821,-1.029757195464075,-0.8540639653210484,-1.0709832291140435,-0.4459234456995035,-0.7253739052335405,-0.7491094397433912,-0.6546483508930626
0.881079466505865,-0.7386668459533767,-0.7405170266008823,-1.1866230422470185,-1.4087719665861305,-0.6521249068756434,-1.0184292162862294,-0.8421139524446102,-1.0664859068804748,-0.4502170667337269,-0.8116308034036009,-0.8530430693868046,-0.6538217848747238
0.7823098325210055,-0.7451853466151404,-0.7467635552413279,-1.308557733999553,-1.2821157902251983,-0.804209302898056,-0.8974016716661284,-0.8656696236976728,-1.0060107235746683,-0.7194137920259437,-0.845047469768498,-0.875705615130313,-0.7462056774947275
0.9734839976773805,-0.7386668459533767,-0.7322317336075649,-1.0293577217524326,-1.2219158152436198,-0.5927004525238199,-0.8761778038449173,-0.7739170334885693,-0.9265180865393822,-0.4791540754713539,-0.6912854344608005,-0.7767208841846989,-0.648078378620563
1.1019001275581255,-0.5930922627159972,-0.6936608928664305,-0.9056999951983532,-1.037934704196352,-0.4677155399968358,-0.6705476433017675,-0.6727420345116422,-0.7228871329194738,-0.47070107840165143,-0.5545953758524901,-0.7108831620659236,-0.47182558733977314
1.0876685957514005,-0.6202518046607888,-0.6316699507370812,-0.7525276712927843,-1.0120626442850547,-0.43312573308019486,-0.5985103899983987,-0.6058664269153765,-0.6412387051306067,-0.3855964059744645,-0.5569464179665117,-0.7442253286520285,-0.4459025128873943
1.1054215249601955,-0.6599045058056324,-0.6316699507370812,-0.7413253152982484,-0.9664054851334909,-0.2843921161885334,-0.5933673412226566,-0.5368075697103103,-0.6399297323124696,-0.3274738688321133,-0.39624304150910417,-0.6571579400609333,-0.3789948580405485
1.1748618344606403,-0.5583277058347897,-0.5671674930755559,-0.6338249846853937,-0.8101558799322954,-0.0511087653680307,-0.4970465372136438,-0.45752257612685643,-0.5863349447321469,-0.035840477344779964,-0.29084299747666487,-0.5678110611452153,-0.3267689797966727
1.421694163684163,-0.5865737620542335,-0.5363924666425114,-0.5954779931268409,-0.7890183062510159,-0.13608790174066424,-0.46390858212958214,-0.37708809776703767,-0.5282136756214216,0.044981668676178956,-0.3694315407765668,-0.6434174029166941,-0.33459053124149535
1.516021952936169,-0.5029224976613206,-0.5370117826356186,-0.604956788362933,-0.6772434771735876,0.05478606656328474,-0.31019885596677593,-0.35726632337142905,-0.4224369283087317,0.12425833301737733,-0.22966287970692897,-0.5524424869705219,-0.25845370757206165
1.6465658044724527,-0.4855408042068662,-0.4318670614161418,-0.5495908834623832,-0.6488340827340647,0.11011483327668084,-0.33506851475742483,-0.33583639242169916,-0.45496512253276916,0.2965002137205103,-0.17950986553313747,-0.5390926628147926,-0.15000224449655924
1.8318444828005773,-0.46001083867866976,-0.34029113541799505,-0.442305669221272,-0.6327695267362923,0.20021145182243663,-0.32878583344758494,-0.33267618595293746,-0.4204161490939147,0.4602225295859683,-0.17531177126769096,-0.5157138761706792,-0.053394954155128786
1.841193453334592,-0.4214442618177121,-0.28135017520196715,-0.3778917277850163,-0.7296646599031607,0.3251930914649405,-0.3039813419287603,-0.24103861435476986,-0.4131662691277301,0.4586315599314266,-0.18449127608535287,-0.48881867262997675,0.05248678882375567
1.332373203319384,-0.45783800512474854,-0.22487214109614806,-0.43541247810129513,-0.6980425194013777,0.16129489162307148,-0.3292090233530292,-0.28642678169583774,-0.48152524752403725,0.488147708250414,-0.2411376706991495,-0.534924792624035,0.007836947365789963
1.4955141841102024,-0.3432249838119108,-0.2875150576825497,-0.3326510191495874,-0.555828758536435,0.19433335129613352,-0.27536814126093717,-0.30837359506178547,-0.42144511277396385,0.5471899900535846,-0.17626290199970618,-0.4888838577063914,0.07963852774695908
1.7633369028951413,-0.2726101357563761,-0.23312437735156968,-0.21739492810218528,-0.5950604255634785,0.3080307398280651,-0.29424837146495547,-0.22656029603672354,-0.37374609534795983,0.7648876711167096,-0.10349593473196639,-0.47553403355066215,0.13105966349773268
1.912864800007296,-0.21394635973586598,-0.17313914283719642,-0.17560134098364397,-0.4697567236435593,0.38643072381875293,-0.19623480783416553,-0.24718579804289603,-0.24102016612460436,0.7599339197167593,-0.019590351989356304,-0.36202733948378907,0.18120685096281564
1.9390599796558101,-0.1688612822131446,-0.08857682110825697,-0.07671828820610906,-0.48852705420982984,0.3828010949302952,-0.1874455707275721,-0.19794871523343838,-0.20473122149386558,0.7855414305929639,-0.054182539411264184,-0.3633298486021481,0.10772922384347024
1.8119847840340397,-0.23730329671475806,-0.08857682110825697,-0.17323137919617135,-0.5296181671716484,0.28170169333925776,-0.24688527513676262,-0.20018947414770685,-0.16122874615737867,0.6463937157373378,-0.03890158561041033,-0.3702978947888897,0.014027190299171507
1.5984092139025752,-0.20960049763264038,-0.16319105610032766,-0.04009485740599997,-0.4562286764875404,0.417257368160147,-0.31163094650125595,-0.1744505532858438,-0.21853794882340674,0.8004015753300153,-0.16053426080257618,-0.31136263631046324,0.00211591022499683
1.3153810520064404,-0.15093594163059787,-0.2581586830613687,-0.09804584046576588,-0.38672816908619906,0.24168544395457087,-0.22344810424200726,-0.1692221158192174,-0.14140721483164972,0.8276677330915337,-0.27707346693674323,-0.34398856199596295,-0.11442498806760834
1.3273251927226948,-0.18244134567861503,-0.13166528327049407,-0.02781481572514997,-0.4886963199365745,0.4758976393905328,-0.3227964048609543,-0.16117852771663682,-0.21886708937944732,1.0246317733568375,-0.28832414091739694,-0.35167284908330965,-0.007269842391164171
0.9598803063184189,-0.13029490034757002,-0.13897161889335646,0.19601876566452184,-0.3463132933448871,0.4045422119548644,-0.19382600294514843,-0.1616961114658481,-0.14632794603294055,0.9470714479665291,-0.13870417062225424,-0.2692292287478967,0.03045212098042053
0.6829246403526082,-0.20090955340772162,-0.14883885601826333,0.2500923944639131,-0.416490037966735,0.4152766184727758,-0.2713969112937915,-0.14802222209135918,-0.20769468482549774,1.0381172936852578,-0.16663570978576814,-0.27854155286569765,0.06918014886541574
0.16107507545251462,-0.3383364495575084,-0.27740367862595494,0.09368859137009937,-0.5331694446873978,0.16201558078559483,-0.44939058552365524,-0.26017027708476337,-0.3213740010225401,0.6646621301945791,-0.3817459506218766,-0.42311132066403084,-0.12195628662678328
0.28019931120358704,-0.26283267725680515,-0.3420363718693106,0.07903963981557503,-0.46417673446629026,0.21852716795010785,-0.36775029893871647,-0.2868286455011197,-0.2713210694014548,0.6832367563844937,-0.3022620325294224,-0.36971162657113577,-0.07337330033303865
-0.09060152327877984,-0.34485417023773973,-0.2941857480803324,0.062235316888422494,-0.45758115092855356,0.10054360990300555,-0.324391413574995,-0.3378471141140959,-0.26026729924695186,0.5912589619141505,-0.3748048827855954,-0.4281254044382448,-0.17380188994341011
0.2822648990518674,-0.28890550993156144,-0.3605800070069761,0.0702067196516126,-0.3444530217236401,0.2260980043295312,-0.259352886848706,-0.29245894677302803,-0.18953163843748771,0.7950850295946151,-0.3083629348857569,-0.36495788563260234,-0.0915861233193019
0.5244747620098084,-0.19276108633859654,-0.13388366917506445,0.17490685573350764,-0.10838843371381637,0.2954995197305655,-0.165733743090506,-0.22891607356192784,-0.17725477558565933,1.0196214393541108,-0.09638759907729626,-0.28537922889960987,0.026318199712464248
0.29475596176922286,-0.217204927582907,-0.13556358869848956,0.1311735395709808,-0.07355437283624532,0.26175084412531646,-0.1453888387160956,-0.2484503014301968,-0.17701111570800795,0.9245426963590506,-0.0778596817430111,-0.2706617105491069,0.04068735431641892
0.44802416958111446,-0.2161178283221055,-0.1267888170199447,0.23608931798151847,-0.11785823186032397,0.26881569256411264,-0.14473756335926632,-0.24000414818934077,-0.1345971209725047,1.0862646507969362,-0.053790607954451015,-0.2522974051491856,0.062297009005769906
0.3852870864032809,-0.2709809493305471,-0.09764472241440751,0.2281179152183284,-0.15370788709836275,0.19723901813758782,-0.13399569226642577,-0.21506965627103514,-0.08870198552596567,0.8979688433844458,-0.04556223386880433,-0.29058886790306787,0.09313637810583969
0.13165399522947396,-0.22915521963639915,-0.09311077176133224,0.31170614136920927,-0.08691315426551957,0.14893451609543432,-0.13061017302287153,-0.23017987561623512,-0.0554356217053712,0.9663272843153617,0.0038632199576812795,-0.2607635156835302,0.09441032639153032
-0.29955751708918643,-0.3921118863189993,-0.21701100986016778,0.20097433156810965,-0.24130166215899618,-0.04431556634108485,-0.33145530742389917,-0.2661456341894793,-0.18767063619162247,0.6781243518042089,-0.13495376375308385,-0.27938816391913207,-0.06843463657198016
0.08529928507009353,-0.3090042690541787,-0.22500237667797832,0.18244697383941247,-0.2764750801765284,0.036011492031500114,-0.27894916231996425,-0.23368443658481086,-0.14743240433081936,0.6033465591151491,-0.15152257043016062,-0.20501954365957573,-0.004900898726723604
0.13437921291527793,-0.3068314355002575,-0.17985882093089686,0.1951572482637495,-0.18363819601917136,0.22266605766367295,-0.16312943638601604,-0.20449846405983998,-0.11482032719808222,0.5720708027960898,-0.05429459791704759,-0.18632971034755916,0.049469686459785986
0.33817521077870366,-0.21231619833312151,-0.14481071328238815,0.3853832357129145,-0.021978693053923363,0.4744228776437888,-0.10131351072372057,-0.0704604036729625,0.06541208820369043,0.806241787506799,0.08547406315259025,-0.03446636845038914,0.13488096276667366
0.3848846616283624,-0.1531091651752853,-0.18243565339096338,0.38193716610982514,0.07440864293271111,0.40110306494314985,-0.027681646067724535,-0.10269156405575923,0.046848401066033954,0.7141153250213172,0.09554948938966192,-0.009329174622992101,0.1115728922257788
0.32162666595014056,-0.11345548905352616,-0.17183479564914111,0.48663625027792196,0.04633860563314949,0.4743390918010977,0.049238781646916426,-0.07499872947397383,0.09150806110015375,0.943071834574184,0.10131476285550364,0.039511936290635465,0.18205633168265303
0.5137118861175969,-0.11128265549960492,-0.11488321381611664,0.5411411637345985,0.08658421564771686,0.5051251523749382,0.03908222391625373,-0.03478149029406444,0.11817044335155093,0.8642955379555786,0.11267749534194076,0.07024908464002225,0.17984397181178557
0.6230551046283686,-0.14278766955685587,-0.1949609708618492,0.40111039891065203,0.09909749412973994,0.4283033532805663,0.07449904670709746,-0.06304871659753557,0.10475437071109674,0.5890544593314626,0.08922447002176065,-0.01759972992809271,0.08757192475861966
0.6437319352089688,-0.08683900925067757,-0.2477533778292671,0.4209295067836086,0.13832916115678343,0.40624083900004887,0.1098499075032898,-0.039435536039005126,0.1542121331228369,0.6067326395793481,0.18270203566570328,0.039967436885581895,0.08457719150801758
0.722248115485943,0.012021310038151569,-0.2761152623959217,0.7970738946780769,0.34446261455932664,0.7085872889663409,0.1883327602960593,0.025659387086735493,0.23452522489369,0.8636930996554278,0.26492838070213476,0.07949622368140852,0.16100535923936082
0.4334407870286348,0.010934600768116292,-0.24780236552518492,0.750325793569746,0.35951240188310324,0.6599712083216797,0.20822228849052685,0.03944759373916676,0.21903924162046615,0.7804634193594651,0.276683044645385,0.10841017724107516,0.10582948597161808
0.11054222799806411,0.01908287284185828,-0.1695025033947131,0.7675603492403856,0.20123408502038803,0.4680283159465221,0.1260288748179088,0.02140790648007027,-0.08300633602525896,0.9777791593322234,0.2884377085886353,0.20524578801489585,0.1494514393909366
0.06700521374924452,-0.007533606960990308,-0.1955970143608795,0.7936267731611893,0.20613866266362244,0.4592039648112112,0.07169923818713465,0.01755828967868699,-0.022700915748963605,0.6616743468754154,0.25754017209643487,0.1598563063914208,0.13914964430296636
-0.18246996974115792,0.0038738179459419935,-0.2184623201359765,0.8793693187709002,0.33719161948755527,0.4554401476590683,0.1795113369149673,-0.0351840554323399,0.1147388335008902,0.4733330514881437,0.311163720188367,0.11895982540082047,0.1402446396817163
-0.10882479095879936,0.0332054134631224,-0.22906317787779873,0.8589032839120156,0.29356317199751125,0.43602866980745153,0.1742375562341631,-0.07040289436749458,0.07388306365508866,0.5108584117570172,0.39747664761131907,0.13055163984324425,0.16093825189925806
0.282658653993215,0.12826371277220133,0.002460638508744463,0.8789380341136149,0.3409113370435773,0.6184101574623742,0.22912031995261653,0.11195350260734081,0.23902254712725873,0.3781167351059405,0.2421471597897976,0.3246135743793955,0.11610945753435165
0.4567156777359983,0.24342018621774825,-0.017240779003173508,1.047406236559636,0.5002044225802883,0.7481243880631376,0.33637849686994276,0.18675767969525123,0.4110987477064681,0.4279005498469419,0.43581924190239735,0.2243263343154223,0.24118717331141135
0.48410729441730427,0.23581536627671545,0.0024769677407170637,1.1094502162084192,0.4442319623349658,0.7858614006958661,0.33982918338532125,0.18687269830618708,0.43904174236401333,0.6306249209674624,0.4253518842085125,-0.028019405404986805,0.24938845409535207
0.4747706061475151,0.19181738801479556,-0.03009228283956078,1.0588237089259154,0.3887672992698772,0.7626762870386661,0.28615121947278993,0.24380901471841127,0.37944013963595036,0.6521074491549738,0.46263074263493464,0.13087716775533947,0.24038297640644005
0.793845768573294,0.16683067962392523,0.006505508750542812,1.0799366707707279,0.4787283174455196,0.9151868126203908,0.30786304710985607,0.2953443657476053,0.43560773585881835,0.7421769676101064,0.4316211476369508,0.1861000566379547,0.24702005601904242
0.7528150587126118,0.12663355136945686,-0.034854842740252454,1.0635636325008606,0.5032479029158038,0.8927819546232524,0.26639202582197097,0.26271134155952663,0.4127248778079743,0.7382572355393283,0.3746948800721244,0.12586268651114738,0.20558809335722375
0.6960644956155236,0.07937642027434666,-0.08570646074663422,1.007981559314769,0.41785210524343464,0.8567239317288278,0.31378770578607595,0.26248130433765493,0.3866920168142469,0.6630256725652562,0.2907329947631939,0.07643570484974403,0.1819444861158151
0.607424117186065,-0.0031887198346802355,-0.009020802937746557,0.8802308361716725,0.4070298326559139,0.8430066182957311,0.15363277749528267,0.2640901622247697,0.09036685409941603,0.6008702381465737,0.13187721708406885,0.1140757143094577,0.2099457057588559
0.6366327864866173,-0.2161178283221055,-0.05391981847918955,0.7328755955704638,0.20309435664163503,0.7062648501392448,-0.030219990777563082,0.19945531354277252,-0.04091908519126198,0.44475994654876616,0.1088713325333074,0.045112288282603344,0.10822079874942624
0.4269275745584538,-0.06456819655567148,-0.1287459352129535,0.49503893769839735,0.2999894898085034,0.5398360560173437,0.09328152600337931,0.15751419786481244,0.07707141307052039,0.23577598631323562,0.02423764281653393,-0.04508120168654912,0.07096804117042994
0.5316331545948947,-0.18950290848232174,-0.053447067299885236,0.6426098206282487,0.14255667589303933,0.703345437182974,-0.07742056628760878,0.1660171590781429,-0.04600558499784023,0.3989646505721145,-0.019254176472006095,-0.07673014616578502,0.11302524783027922
0.9243007543154755,-0.07217243151055495,-0.05486611738569929,0.42049927404012155,0.2495970187404499,0.6570622685957452,-0.04353398230039501,0.22697491887516064,0.11443206172050288,0.18261829519883024,-0.020262156397199246,-0.069111044154853,0.10746079448305919
1.0027692505078096,0.010934600768116292,0.005282011174449416,0.35134540902892064,0.2795281533477304,0.6115868478982112,0.1185743746994725,0.22766432920778218,0.17677423890851038,0.038483545059267626,0.041030019878320036,-0.09841571070302954,0.06435333067119517
1.0293560176392784,-0.001015106299226579,-0.015985021237085464,0.536616882488296,0.30844451928101513,0.7291017288877596,0.14175087650693072,0.2667327849443201,0.20403179036925276,0.12017883830346528,0.07528657840973518,0.010467612578139477,0.12884730362686522
1.063529611631465,0.09947459441081462,-0.04168802890986,0.7109011163248791,0.46486256452248337,0.85572897484687,0.2772320451839615,0.3068925148187616,0.3630665953001997,0.1424923541278328,0.18975461538091046,0.10717285319913081,0.2074425474142098
1.0724819372796084,-0.015681684039349192,0.0904158560224299,0.8373600893237162,0.45708377227047814,0.8760418050843131,0.2675316583560688,0.3432601371972877,0.3920992688859958,0.21263481124041056,0.17105943022823641,0.07278891780032563,0.23922087368758735
1.062366408960695,0.02125492641424711,0.1726622147289139,0.8877709542775774,0.5182976902395804,0.9963752941881445,0.31902810810814086,0.3206814228041864,0.45538452963324083,0.21371320908156435,0.3079173032817932,0.13595683407594625,0.3125866552400948
1.0557173690979023,0.057106582556256065,0.21633813096821405,0.8681664368194651,0.534700777690842,0.9194127610611272,0.26082578714078464,0.3298737943501384,0.3863013621251599,0.13737994954754812,0.2504870457543702,-0.0019708129177187683,0.28087598189495094
1.0992247614153545,0.0967590887057166,0.15175442542077625,0.7787621792780224,0.5683516298541446,0.9717154187842005,0.32221812553622226,0.3253347672161336,0.4358430074455998,0.09854764210081543,0.3023198442611978,0.008514047635590001,0.28308834176581843
1.3810745484319702,0.1673731567797189,0.14811738770434235,0.8283115268311111,0.6520564216320114,1.0925411497138426,0.43907973309653187,0.37698513685626345,0.5172621552840212,0.052672464802596804,0.3731834568111922,0.06204371441133631,0.36738225358058857
1.441281485179346,0.18910071233739892,0.18158394949521214,0.8489932040186383,0.6456309295074911,1.0678007613516876,0.40444412284475245,0.3491204756910678,0.44699504043600796,-0.007687858806428429,0.3647315123408362,0.06666748266701851,0.32288899591619596
1.492708770463867,0.08426514952413212,0.23163623168283756,0.870967683264223,0.51982025609381,1.0017205691210833,0.28621638674461425,0.3580260020426737,0.3981264555972773,-0.15234627538737436,0.29118068215947,0.022124214626999792,0.3536165194494278
1.4564096222745342,0.1342387613012559,0.2078740129710992,0.7343829880433658,0.49225636460153843,0.9389414081771325,0.25112540031289193,0.34486899508440255,0.36721200875965226,-0.21118441603542942,0.36221265578156825,-0.011543479871200265,0.35976202415607417
1.2054013232143344,0.13097960846806558,0.2175449010383843,0.7326599532418212,0.6150235576797041,0.9279824817838845,0.3264500245906651,0.3318270067370673,0.42764205507173,-0.32036221228705586,0.40486485621701895,-0.13546984941496745,0.400970295684217
1.4026068025915712,0.15270677403497937,0.20064892523414923,0.8128010578758145,0.6840162679008116,0.9912106824785085,0.348813524945974,0.3255648044380053,0.5098668782760905,-0.27485093878708666,0.4245680212948862,-0.008678118798801655,0.42970915048025726
1.2404310632716529,0.14238644838884856,0.25548009655443893,0.8059068148420393,0.5950700183991651,0.8240913097313012,0.34803231240690974,0.3009171577140457,0.5889201286467591,-0.12652241926525928,0.44007309210730683,0.08457589000201529,0.38079062748599884
1.342195402269147,0.170631919622143,0.2914255154135396,0.8994040689724994,0.6207728125837177,0.8832172770185374,0.3780450199733007,0.3264267426870306,0.6627926107991681,-0.08478220982092977,0.4414724568624557,-0.02287455400796536,0.43753070192507987
1.3270347532980677,0.1597691168202185,0.24404724452991516,0.925687187135744,0.5964224928401781,0.9717952771655155,0.3393404288466391,0.33332084601324624,0.6332690224762678,0.3341276445669415,0.45093238125800483,0.06393249174744925,0.463989543922019
1.482149635660573,0.24450592051086803,0.19688165193588508,0.7697146686992156,0.6123177831112059,0.9531215074757188,0.4083835638988131,0.3209682679985325,0.6614840374234534,0.385160714420226,0.4254076401479755,0.02967852903149528,0.42561942185090523
1.4218393833964764,0.10164762296011896,0.1154664909642015,0.7016379634174296,0.44440122806171045,0.8064524261141196,0.33885246903078414,0.27075422832911367,0.5807008019214599,0.5190828594900142,0.4691241230749398,0.011704936620083834,0.4580006230089458
1.252875164390499,0.1635711367999687,0.06520192876093227,0.6311912963481711,0.4119335846126764,0.6996222037983847,0.3738131209188579,0.23800618553009917,0.5724834724082726,0.3648586546514262,0.4288781740661161,-0.01505989676778932,0.4394746324355363
1.2758097641302024,0.1852986923576487,0.1465513745307749,0.6253752649576091,0.5095049550000512,0.7533623123851285,0.3952324905555418,0.26236628572671905,0.6198241899814023,0.4820467723157383,0.4348112619772042,0.043093538263639194,0.4473856603338293
1.4403054064164826,0.17226247101565367,0.16444303521138806,0.6658760500180928,0.6003114761229448,0.8149082504569686,0.4661630923221386,0.2936779985550226,0.6419509035266824,0.479558247256368,0.42182559435090894,0.08281748281873169,0.44468172555700586
1.3561307147621975,0.17280572815297976,0.17173304160227787,0.7078852794652768,0.5504268022351252,0.7238062017989186,0.4301931424436156,0.32447353030010173,0.6200103301502311,0.45433793889720314,0.34049407748017224,0.08216642699454124,0.44280435679852126
1.2991727981455374,0.20702702789686114,0.14857420792562462,0.6828949633600897,0.6087665055954566,0.6560470198300107,0.4492680797402796,0.3142466925887206,0.6309826140505687,0.5610505088082496,0.3505695037172439,0.12364877873291734,0.47683923558137054
1.0738662207064378,0.13695465699712012,0.17430947578839381,0.7009910364315016,0.4351006956419475,0.567532513641947,0.36183426374559663,0.3024109969902247,0.6293792521671381,0.5455879257710474,0.35023387482675117,0.12234626961455831,0.4753645108635025
0.9078345729058365,0.05330378259497346,0.12931288312906578,0.6251596226289665,0.5642933808446333,0.43363226379110453,0.5493650092623787,0.23743179380841345,0.5988698399458057,0.5679347254794012,0.25043128981490725,0.11817839942380068,0.4162336692347442
0.6934245312931674,0.12120214996849463,0.12213678308803361,0.7740233076168754,0.6229716156584539,0.4818726172974476,0.5982253633968759,0.2647795725573913,0.6890791177311063,0.7889729990319441,0.28765439230186646,0.1782857968677568,0.4989410107648084
1.1705825491072424,0.21763243679308913,0.18169785584506978,1.0775667089832552,0.8071219924324665,0.6184101574623742,0.7145330491466791,0.34980988602368934,0.7680153314720178,1.084389658665712,0.5139037952397028,0.29394121363644526,0.6016043293594149
1.265280251258276,0.36309353271750244,0.10395239105376529,1.1447808449504706,0.9131475666058813,0.7269429342846697,0.7797019104166167,0.3528550738815152,0.7950603795640545,1.1033969753474475,0.5634413075719718,0.2296015558652731,0.6570033481727026
1.378973558763275,0.42411148799821996,0.14219704542939823,1.2481881789743081,0.9506882277384224,0.8798691161953703,0.7806460411352417,0.42461406311159977,0.7897901362431817,1.134116890803937,0.6146017550440989,0.22849420450617994,0.7145028812900198
1.2962199973284958,0.40667773077647695,0.16090357461283922,1.2419408629264608,0.9633707719471901,0.9258138685273543,0.7558419469778306,0.4529387987205388,0.809709930404816,1.190489805111412,0.6189676637547918,0.25206814890955925,0.7373193769249586
1.1144027500535756,0.40340882817413143,0.22263364730457744,1.194545834832202,0.957790782769921,0.8764738258356894,0.7524564277342763,0.4428844889255615,0.8576502110539371,1.1339238442768167,0.5980334949938796,0.2449049449635518,0.6987926710602718
1.1239352320648421,0.4540756485381878,0.22165508820807306,1.2219061127248616,0.9704733269786887,0.8856235016883247,0.8081847765407912,0.4518468232496418,0.8223650652306376,1.2664602703099783,0.5774907110629232,0.2731026576226133,0.7200449655238722
1.3546691253193603,0.5101902499153871,0.2680384707632205,1.1947614771608448,0.910442617723855,0.895641146505089,0.694709482946863,0.4510999036115523,0.8020406358951331,1.3582783021371876,0.5390360582660615,0.3139987411432355,0.7051842360139615
1.0548677254079486,0.4954801882048324,0.25349031989748494,1.127116056536344,0.8678289389078068,0.7019145320882637,0.7780091507948396,0.43191073157609083,0.8109202409446253,1.194557095734529,0.5654004182291801,0.32376696332596105,0.6432146993400434
1.1817984238035364,0.5412436546653706,0.29460573290869124,1.1915299979725997,0.9095971147766039,0.6913071134881811,0.8067852696422234,0.4617861144336833,0.7891398439795482,1.3907023524537718,0.5944509025699556,0.34121947259603325,0.6904571755961255
1.2072545001401263,0.47041977155914905,0.288995247767276,1.1949771194894874,0.8372215670800197,0.6702637754347743,0.7131987095199356,0.4840204743269706,0.6935744427525632,1.4752500745555892,0.5858311436543532,0.3223344815247508,0.6879987554782145
1.2744955618580718,0.5646703999914137,0.23370765449965455,1.112251462653177,0.9347929374673946,0.6782469952586934,0.8186989595436603,0.49418980273288377,0.7366758778969813,1.228492234384088,0.5561083082788774,0.25695226000092203,0.6980550359072722
0.9932909549563614,0.4529856243466398,0.2325498721254021,1.1273316988649866,0.7787125979929437,0.5469342878778372,0.7238106434305411,0.5302130706115958,0.6451124902998147,1.197385116410559,0.5516866436287214,0.2264754544872158,0.6538296620151598
1.0140443690668384,0.3494734951984958,0.23535491555913446,1.0390046010529588,0.6337938882459747,0.4050010703589778,0.640640515403386,0.5402098711011053,0.47740259483963365,1.3460886343586311,0.4088951360372191,0.14305485294553902,0.5596360535649051
0.9244510314307054,0.2606714277609065,0.13405871552383428,0.8739835201238253,0.5795124338951545,0.3592572731340735,0.4439950937823025,0.4947641944545695,0.4008342757785867,1.030414293468045,0.3437967969530665,0.1112103532370591,0.4897560345808248
0.8233109204503204,0.2960833693140173,0.043527063824032916,0.8035368530545668,0.507306151925315,0.31648329128643393,0.4619311932676958,0.47373682864311506,0.32601271843060453,0.9419590433862444,0.31233896793194904,0.087050538085904,0.4718782027069444
0.5042863320537053,0.2475962073422908,-0.03553947566125003,0.645625657487851,0.43493142991520284,0.12696626088794447,0.49646825788891175,0.2955168936640091,0.35582470418246265,0.6458822533867495,0.13904185530505941,-0.04273652628551161,0.23622614043698525
0.526588033942729,0.28791111280815357,0.03320300647784379,0.7074539948079915,0.3135175369645222,0.23531771991004116,0.35841616086613026,0.2882777345049859,0.3968338599184578,0.8301673527788994,0.15488255500797282,-0.04755584977043783,0.3511357302181493
0.5122322345214869,0.28518819727849765,0.019438260472842535,0.484051698075605,0.3858922589746344,0.15676718323326763,0.25538988300324683,0.25754041339836814,0.31099088725218543,0.5844879104485521,0.17145081505819212,-0.003077766806833781,0.32358189284246025
0.3507161250390921,0.33912197029106844,-0.1257290100375279,0.5609602716075551,0.5461992874988693,0.2071021828068902,0.3944186943805654,0.28396874459285276,0.410188817868288,0.7810880469156065,0.11329354381032072,-0.01922776695854696,0.26887577095543685
0.5552692883677147,0.33258494506790987,-0.09208322496891005,0.6527344909364705,0.49530067062352584,0.35788331622931735,0.39718512454178895,0.3034454631556538,0.49411926021620817,0.8188519416863813,0.22720183487943646,0.0692073158273219,0.36713673892167603
0.530035737759446,0.1876678862623551,-0.043057693025805706,0.5960763099347622,0.3026944386905296,0.23038155553711778,0.18403569396979222,0.2912654130573438,0.35436873655289003,0.7639224384811091,0.1303657938231366,0.0357999641648024,0.32275478123599044
0.36459291615553885,0.11466473475456987,-0.13965704836225515,0.36448696811054293,0.17011974169883903,0.0036367733310072735,0.2351101459006607,0.19284805541090297,0.35989462302408554,0.4243558162024086,-0.011474036409493021,-0.03655030354576796,0.18549790161247595
0.35208090134038683,0.05637125496657313,-0.15439995518981023,0.38021307939448223,0.22321716164891872,-0.03463306489508533,0.18605428995069076,0.11999709070992139,0.363720881988057,0.30476016426309266,0.0352647464124783,-0.05817028553661967,0.2079794061350319
0.3925285648934223,0.1609722383339665,-0.2342984889577947,0.3450980929810734,0.2561917765917147,0.04559646151999193,0.26684819672474097,0.1121835398292125,0.3982922242025647,0.2832654319847863,0.07136835709531843,-0.07249709089861271,0.3228442576894608
0.49213267035948627,0.12882958937396743,-0.13704755743824346,0.3629785237238427,0.2903504259352511,0.08981574915405435,0.25708264262502395,0.18290876422686148,0.38347930141105,0.3185862896709719,0.03168270061541176,-0.05608674791121899,0.2990888048812142
0.49235447360167656,0.2672088429748313,0.11721132914156647,0.8043983704553391,0.5999737703559275,0.32467728487087294,0.47052453119740284,0.2993090011599244,0.6093020776910864,0.7595134333157333,0.15801691340876323,0.1208486027369334,0.4067137019383777
0.6095489488970802,0.2873662957077627,0.06502230720923366,0.6540272929945281,0.6469834039485043,0.2726430036751699,0.5436358524016317,0.32430100238369797,0.5966832921257013,0.5853854658533807,0.14519906022771434,0.11824358450021535,0.36110253419373667
0.7233072801538615,0.25849215935934283,0.1467636545464187,0.5368325248169387,0.5375758179860848,0.24979630627321472,0.5381673646281818,0.32430100238369797,0.5681658992647745,0.4753323034529165,0.14648636647707977,0.13074679760251012,0.3320734265120487
0.7602689481252415,0.34348050709419575,0.19671835961615908,0.7690677417132876,0.8857537665268261,0.4195595151034664,0.6897615386251802,0.4236371062516386,0.6511864117745146,0.6115266283361646,0.3225264526748041,0.23552743576933619,0.3835840387162926
0.8309873355912714,0.3276819811551579,0.2087872551397132,0.8418843705700187,0.9687823210841864,0.4097330067403414,0.6894031186301467,0.412318994402354,0.7122339960715907,0.6470860205242515,0.4021224292730417,0.2475747508067064,0.4072500150710689
0.6130884084524232,0.3331293721775346,0.15144417001329682,0.8737678777951826,0.9586362857171722,0.3088515792556803,0.7272613299459196,0.40077084533119767,0.6812420574040241,0.5250473315003463,0.3933343092853355,0.22009367651822812,0.37576248727147
0.6358510564929694,0.40449846237491327,0.16251817720837394,0.9097454335231621,1.081402653108866,0.37996612239361155,0.8380679442863608,0.49091527898617976,0.7292067040409104,0.7786683085498077,0.4027942336808847,0.17542043579535818,0.4240104824528317
0.7014499072353494,0.45843418534131514,0.2506852764637526,0.997425604349262,1.0930712543301098,0.5170057230377891,0.8571428815830248,0.6313305602830551,0.7463327979004237,1.0251543303354214,0.442312075715545,0.15152056600990552,0.5229643473453351
0.7485299934701665,0.5123695183169508,0.27085984342892544,1.0237087225125066,1.085630167845122,0.520585604082149,0.8847142006244865,0.5952497830988751,0.745085339215333,1.0043985002816094,0.4171235101228658,0.1416223711443288,0.5340708849264076
0.6887103092889598,0.522175836133221,0.2908870490323943,1.023493080183864,1.1503961890164454,0.5208330341488464,0.9441864886695892,0.6543118398144319,0.7433653401445677,1.000160352387363,0.43363601423362214,0.15510256545288736,0.5849109693177549
0.695679410507747,0.5216306290420639,0.30055873364758057,1.0109984480881695,1.1109952562626573,0.5275057910269237,0.9751433269546051,0.6153015947163554,0.7632399973124732,1.1149398263138717,0.4528351893488928,0.18837954696257755,0.610878236408738
0.5836109743111713,0.5134587625269664,0.21469086990873415,1.0194000835948467,1.1252003663256547,0.5213193847825929,0.9725390202501152,0.5565263831951447,0.7581499025240934,1.2129952580001,0.45686546916909293,0.23650441697559998,0.6275274038117938
0.5227350154065697,0.5368858978437757,0.23462049839431798,0.9743750172880604,1.116237539672909,0.45871106840850445,1.0062304997832696,0.48562933221408544,0.7879782654152692,1.1794240231487905,0.5252665277261398,0.35932343516027404,0.6612043767807616
0.693303153623174,0.6719954688607617,0.23938305829500964,1.0950169069825375,1.157160212594455,0.5798856888237279,1.0422982005695292,0.5033821742788358,0.8031942256109645,1.3217425826855047,0.5631051320546215,0.44619526852212515,0.7123128905325199
0.6803121305032267,0.631135746294508,0.26042187973287867,1.1163444592421943,1.15377820080545,0.5618481678768672,1.049426864328844,0.5033246649733679,0.8382740580291611,1.2047819048950985,0.5787780173122885,0.4037363330474634,0.7003345031182425
0.744413267496224,0.5940897434309906,0.2543549726441317,1.1359489767003064,1.1664607450142177,0.57530430512845,0.9945115169744784,0.47264485317221805,0.8491157242573806,1.2964523781699686,0.5976973194765294,0.5051305270005516,0.7042676479540214
0.7011334583100095,0.5946341705406153,0.3065603238084371,1.1415493657622258,1.2061993835350233,0.44693064801074533,1.1274209625829315,0.5200437422056827,0.9183295094375795,1.2390010660213397,0.5557163768220641,0.5565110736045045,0.6818308816582006
0.6006681493758972,0.6518384061185964,0.37489537169611703,1.1643853624085827,1.2976829675648953,0.37680909802408374,1.0693807650723086,0.5638805609651036,0.8780521322193833,1.3011442963492275,0.5950106484720151,0.568884314023948,0.6431928758148067
0.7206355264417451,0.6534728574197691,0.3904543418483516,1.1891600361851271,1.2559147916960982,0.46882559060588036,1.0619588485897846,0.5791633082267074,0.874673648210899,1.491462654445281,0.6191917807663586,0.5329371292011251,0.6832166755107292
0.9102765760283226,0.6921533115844593,0.385365993856109,1.1900215535858996,1.268935867358355,0.5305993214375371,1.0920049345149148,0.6025464515633662,0.9295434560034566,1.4802149205835349,0.6425332942076128,0.48435675859315624,0.734302274560989
0.9240962907404271,0.6752647614538733,0.42550244949686034,1.2320307830330834,1.204000580460287,0.5766344053811725,1.112609713253795,0.6033508805069235,0.9261402065647848,1.6059459018043123,0.5973059346465737,0.5976678974307853,0.743799872743988
0.8667951932115833,0.6196953671678311,0.3596629861833345,1.143057810148926,1.2163454189020373,0.5312427705263295,1.0711712756018221,0.6103600024440751,0.8989333842916846,1.5977669420460965,0.5823606097362126,0.592327888274498,0.641158923262749
0.9825540885648628,0.838705211681953,0.5367308053110073,1.3270364815502438,1.355853405198482,0.7622972870158676,1.179243248694125,0.7512353581846938,0.9737697210092948,1.828267823815924,0.7229125870926193,0.7528524984652785,0.8660623537655171
0.8952163526294403,0.7575301936590703,0.5134903254744909,1.277487133997155,1.27231787914736,0.7416087296401064,1.197635519082288,0.6813727733690637,0.960476277192511,1.686677071875709,0.6443245904195748,0.5659537678751347,0.8103949055918184
0.92644870558268,0.8141884421643618,0.5766231190200706,1.3774473465041048,1.3822332622900133,0.8324764397693795,1.2661898995957799,0.7197511174399865,1.018770904314549,1.781768018961564,0.6837866765147722,0.4159792033140776,0.8416363731443739
0.9295236065558459,0.7275656431283363,0.5288533448430544,1.3783099158186753,1.325246033370695,0.7410124100878277,1.3423283200485294,0.6804533258145704,0.9715280501349021,1.6116718393127432,0.59747374909182,0.2548683249055432,0.9087229808981603
0.48561367800025795,0.7673361214845743,0.42834015139453785,1.2283690711013515,1.2980206733319126,0.5868163489988389,1.338585175532769,0.6454070147958195,0.9343838992778492,1.3919405129380593,0.5314794885882577,0.19059345474080758,0.805344396263922
0.48335229641050015,0.8381603945815621,0.3363408601869552,1.251419658162553,1.3923792976570273,0.6599482981303189,1.4043397475262978,0.6984362051011924,1.0107477038186379,1.382749723106662,0.5610902654579502,0.44762814779331356,0.8510226713486657
0.642400393269696,0.8338018577784347,0.4292537918371024,1.3128177627392064,1.290411146806652,0.6222610333416884,1.4183372006804575,0.6854517260593251,0.950215400246431,1.597891201879645,0.5776585255081695,0.39611683356655325,0.8203617095674057
0.5423931405425826,0.8474222852882076,0.48323703791666855,1.2117803905028417,1.1921635391987706,0.6034962774633441,1.4654070442854412,0.7048134260111903,0.9790910929602321,1.437748013005506,0.6050303187696239,0.41780239810379777,0.8495026628159317
0.4952017914436048,0.8926401546668224,0.4944576099255485,1.1559837269019058,1.2909189439868858,0.5329656169166669,1.5014739503488734,0.7034921146514151,1.0190369329678535,1.3984053526709845,0.6439326589627616,0.3748223794877968,0.8669336580105912
0.27145144913049196,0.7640676088729951,0.5976288837200439,1.1527522477136607,1.0876597051931134,0.538763204484759,1.3104599346808008,0.7203830184671401,0.7788689809729088,1.7371875847504095,0.6486904991302677,0.42314240726008506,0.8740623125291496
0.248969848194871,0.8032924901473097,0.5602321545851345,1.0295247539030685,1.059081870713318,0.4340682120038571,1.3113063144916892,0.6827515940343067,0.8348037022635296,1.4101412501645287,0.5446898198529773,0.3416753706609578,0.7407833159681492
0.16101944402043433,0.8365259432803893,0.5688926216398711,0.996348444619847,1.0027708790145062,0.4874195019143622,1.2769965405990313,0.7586470452601207,0.7804971082865269,1.5607985321025926,0.6147138135498823,0.4329758145192253,0.8359158815917116
-0.22638050931965956,0.4290152318925044,0.3694971665703456,0.49180745851015245,0.5084901863260555,0.1605944943443249,0.816224987382819,0.6752823976534119,0.5170109060003446,1.1498634963178216,0.40520103173436917,0.5745498510923306,0.5343163995853202
-0.3782485390098417,0.2890003570181692,0.32746851139052535,0.2925329085683824,0.2751313728847299,0.08916837260388578,0.6404450135879131,0.6811427361471919,0.5353864557570605,0.7737034625218621,0.32370170041838614,0.4657968979639909,0.49288498251163243
-0.3475486583350849,0.6589210284236783,0.32746851139052535,0.5491115145839904,0.7222331662538592,0.25886874205211907,0.995357896785367,0.6873474291407861,0.6965642692840724,0.9624197563353785,0.520228814607604,0.5342396383194842,0.6255605585998388
-0.49901787568100303,0.6169712816658766,0.5245965928595627,0.4375181873821185,0.632272148078217,0.16498474158596355,0.9974416600380898,0.7261283383499844,0.6642897209982458,0.8265427378127992,0.45591379181022024,0.48885015669600906,0.5745862595282861
-0.4749258531595769,0.6926981286848501,0.5351647921374397,0.49137617385286714,0.7156384084025945,0.18709765828747488,1.159256764314748,0.7455475476073175,0.7175701473921561,0.807150437539623,0.47886337379466126,0.49946459246219094,0.625225567487456
-0.3127768458265023,0.6578313942228965,0.6302144635322944,0.6632904459019776,0.8005272345812017,0.2574679474946259,1.059453087515858,0.7617497424234145,0.7099619675730972,1.0644969906699429,0.5037720664363107,0.4527726017203568,0.5974922316166953
-0.35384656993825386,0.624053123989426,0.6346667680255066,0.5734559556170478,0.5117029323883155,0.1646227605624618,0.9047992306344269,0.7179704329694614,0.6016307859692914,0.8849492974318328,0.40816757568991324,0.4673597499180305,0.5690889135211689
-0.7583773919284268,0.6038956712564947,0.5676201363678599,0.2634495958741781,0.511026695167809,0.020433871059900837,0.9288221122527737,0.6890713056388367,0.5541630457058451,0.6273409110808212,0.3705525417461409,0.36622629627060094,0.5209975021333803
-0.6552396067960671,0.5712078152053385,0.5280870657621938,0.2709897139800829,0.5867834289669259,0.09742978760861536,0.8084780292640006,0.6655156343857742,0.46330107900237655,0.6351570765035872,0.3776056680882055,0.4108343519170562,0.5448200622817296
-0.6758839255007763,0.44917229463466957,0.45815334623700116,0.09088839683913974,0.3344858449190571,-0.025218939976456,0.7469879399608265,0.5394629514630158,0.4339348709938938,0.571763481600617,0.2135438162184408,0.44619526852212515,0.38881350095112976
-0.4225195991676689,0.21381832709958654,0.4077585484519017,0.10876882758190899,0.18483182325559833,0.004534852832353361,0.4708829511924364,0.34101937828301926,0.38622586750733023,0.08501774326041357,0.24074779503464877,0.3079424910863431,0.275579957908142
-0.5728321162179952,0.15007628631691444,0.2630966875847808,-0.1715083443946267,-0.03313867140846139,-0.22411998475635767,0.4624191530835508,0.20566000653636657,0.3605980411298955,-0.25411729798926547,0.08715330085876886,0.1580327141317225,0.11186369069955744
-0.563471585905886,0.31406233362691743,0.29988963341065444,-0.08124151753861335,0.131565137578774,-0.15342175252429818,0.4133632971335809,0.19882271118262534,0.5025966267463645,-0.182804357623172,0.21102495965917287,0.2078508062516139,0.21334253746194365
-0.47432257724026455,0.5058317131122598,0.3510678360564882,0.07386948349714281,0.397222328742389,-0.07468989804732576,0.6796375645304297,0.3149936122268101,0.6514156917249603,-0.04981416130499819,0.3069656259229205,0.2621622964743581,0.3109553467286537
-0.7336611413898918,0.432827391632176,0.5306149105263425,0.14690070276871833,0.3432785801585862,-0.052711169609499516,0.4994635682243474,0.39433611511573186,0.48569142454642694,0.03210968127590488,0.27013445489277443,0.28586621356058867,0.2567407997475863
-0.7243685247740883,0.5091002257238391,0.5680279688932244,0.07774683775751741,0.3229865094245579,-0.06113950172271543,0.6906730857078931,0.3544064224631621,0.5196572120486076,-0.09125814418185027,0.32571711364191497,0.34291269470290214,0.28384834603218545
-0.7799060336573734,0.555953326385159,0.6751298083057099,0.3039503809346618,0.42427842305442676,0.04440054953095454,0.7621568145621691,0.4602347658520364,0.5032856649249688,0.26200923420838135,0.4271989363599375,0.44893065691167255,0.4311167678580225
-0.7771331318869291,0.4301040861117538,0.6780981440591682,0.22510207835872612,0.280204390568237,0.042174988084470066,0.4891766759500361,0.4599479206576903,0.4339125022182405,0.24724006542089225,0.4551862314629143,0.48487744426451734,0.4602577211065484
-0.9010214411852421,0.3805280699207779,0.5297833145175914,-0.04095637480677229,0.18398632030834713,-0.09252580931021076,0.3418144010074805,0.41329595126231516,0.3820393114783726,-0.1849178842562975,0.3415578133448284,0.40914112981018724,0.3381741929919599
-0.8944576546858972,0.5336169952414302,0.5430749110693378,0.07817812241480271,0.11482434436049503,-0.05588455840142797,0.33097517636831714,0.42426970861178576,0.44765172377839957,-0.1654445931987548,0.2890537570570153,0.39325147249415465,0.3263976731861216
-0.687534014361749,0.4780464309830894,0.5113866424676793,0.08700999066496688,0.212394889061398,-0.011055859677166413,0.29282450705216195,0.4351852553227949,0.4782266445570022,-0.2777022581819069,0.3038307208952726,0.4375343976984928,0.3245874117677398
-0.7505376949218894,0.5363406907526186,0.46190468857724326,0.19472596360646421,0.29119592888250234,-0.007215457028188643,0.4876794181437319,0.4422525878984078,0.6215689544823552,-0.1600936541165688,0.3914872571339105,0.4632570648036875,0.40007662232577534
-0.7287547380748614,0.5864623040255178,0.5286904507972788,0.34595961038184575,0.3439556430655647,0.07311225592129235,0.5687014103691671,0.4615567785448051,0.6653470450902839,0.024634120932597984,0.4371065481517628,0.47230904608580787,0.43741885635824196
-0.7574475522779417,0.7270212160187115,0.6071046175515589,0.39292335381881927,0.4964838793377943,0.16226693831366837,0.7756003459058225,0.5178604925968822,0.7984983804934732,0.35881541078232665,0.6111875236922787,0.6011847117973524,0.543925843335157
-0.8966034384947089,0.8376155774811712,0.6429194025548788,0.4459198228887956,0.49124159592754263,0.21197223491331504,0.7841944785583567,0.593813453128164,0.8065319664923661,0.353838360663586,0.59747374909182,0.6175298697083316,0.5203493434338511
-0.680612597227602,0.8310781622672464,0.6794514789431414,0.5766874348052927,0.5729176760438898,0.4215939400963116,0.7167797305789626,0.6949316441326168,0.8203119311796079,0.6298971133709635,0.6990113277493055,0.710132822684958,0.6370915637467646
-0.6732468511229437,0.7607987062706495,0.6693564291185192,0.4597072570425476,0.4848161038030224,0.3903922231934953,0.6279456129628848,0.6268490424545181,0.7361949492204366,0.4877494111053788,0.6578700039479296,0.6974992394298339,0.6072806282734728
-0.7289584791637788,0.7951210136229785,0.6551348628922357,0.30416602326330444,0.36898220002961085,0.4029699182506127,0.6033036422622072,0.6628148010277624,0.7755823687215717,0.2728131829503111,0.665258759180487,0.7130633688337713,0.6044872170431791
-0.7382120815285129,0.747178668751643,0.6404564764446699,0.29037858910955244,0.23657676876466488,0.3617073544558945,0.4834801027252012,0.6408104783563467,0.7038940377347329,0.27808424071093013,0.6624042737307263,0.6262563230783568,0.5521053005938611
-0.7794299152971017,0.8697586164319364,0.6706121868846072,0.1466850604400757,0.14576942195529943,0.3473963397781033,0.5032067127401081,0.6441425114085186,0.7640972007508992,0.06125083116864741,0.6046941432522737,0.6293820269864359,0.5611107782827731
-0.8313325964557633,0.838705211681953,0.6892697283721304,0.08528695586342222,0.18838310077134765,0.35942484481945586,0.49399428572807036,0.6389147752748858,0.7561331177335002,0.011785432251114275,0.6768456086784909,0.6992576466131175,0.6021182733787385
-1.151606363372727,0.705228532003075,0.7036382576861674,0.0016997816263396009,-0.07795032761277391,0.19930028078317005,0.21577374479387246,0.6061660311428777,0.5321917152628706,-0.12826094747213995,0.5902528083045091,0.6646781559850683,0.5135114873890714
-1.2822629227454332,0.7057733491034659,0.5703439319156798,-0.22881240046846468,-0.20663604132169783,0.08415169527275136,0.07453163034300961,0.5349239243290109,0.5130636159823921,-0.545160455267243,0.5689267080867837,0.6873403042585985,0.5444621564678482
-1.2037727519691719,0.8158232834563008,0.643294576616298,-0.14824106309098434,0.007952441553357165,0.14407493721934586,0.08133445774320308,0.5328556933311462,0.5445404777507272,-0.3925494093391876,0.6270839793346551,0.7716727019301244,0.5977159227503712
-1.1691700012152229,0.9013572282730771,0.6667306089625349,-0.19455893145582817,0.09216420482498588,0.06798102763335358,0.2948423083102334,0.5596865896639064,0.6471268784358736,-0.45888529958654034,0.57340467530326,0.7662023226210077,0.5820951889740934
-1.1868282847408684,0.8621315670172298,0.7451447757168149,0.02582752841695605,0.24553876973093863,0.13282799699184697,0.346697178057339,0.584276727082398,0.6318805606160773,-0.16794421288612055,0.6358163433828984,0.7850225260858537,0.6628133161788352
-1.021778495592178,0.9095290947881746,0.7392738194117392,0.1107075047120963,0.29187216610300887,0.2427884060243727,0.4152189749349187,0.6318481440322664,0.6408116937380566,-0.11161678655342665,0.6980601970172904,0.8047541282105706,0.7075526340902712
-0.963199320097749,0.9111635460893472,0.7594969757988793,0.14000645973494322,0.3495356322428337,0.27253892594870194,0.4214368863343479,0.6458088786011014,0.6134558794414089,-0.15389064760433535,0.7322604529823851,0.7983071651651682,0.7257660026646654
-1.0828531381827806,0.9422169508393308,0.8066139789709421,0.07623839337081714,0.5254002452710791,0.2603500495678233,0.5635905478679235,0.6810277175362561,0.6778060536867172,-0.16625117265402106,0.7520193739997152,0.7835896468146653,0.733319124749077
-1.159738667262284,0.9144324486916928,0.8584441560738283,0.21045312680420178,0.4244468630946994,0.2015520253054955,0.586539758946824,0.6879793301679397,0.7178625392453377,0.0022307386214676385,0.7275026128148789,0.8074895166001179,0.7665050684002197
-1.1598362028899574,0.8376155774811712,0.8177529048199591,0.16758237995624548,0.3358383193600702,0.19972248288110608,0.358579079045691,0.7027451950133257,0.5956303619003094,-0.31265921206984304,0.7444628043219115,0.8499484520747798,0.7981710035186285
-0.8309894155435796,0.9057157650762043,0.7786599269296519,0.14603918536794602,0.4300276779584404,0.27917502652060183,0.3855321037276491,0.727852214848035,0.6622202098078985,-0.45981724833815474,0.7505642533051033,0.8720247296005341,0.7274867876295769
-0.7510528275332303,1.0163097365478977,0.7724460567531516,0.06417504593240805,0.5977749672811913,0.3135167487936493,0.5761551157647762,0.6992981433502178,0.7873359620000832,-0.5256538803257141,0.7982547134859475,0.8855701089855074,0.7935896999833204
-0.7225782041416858,1.011407162625912,0.7744035732201109,0.24449095348819563,0.5957462556196715,0.3891354355531276,0.6529126252998565,0.7546256018753271,0.8047752187187419,-0.2869840239628665,0.8062589705600273,0.9326528127158513,0.8333679850203304
-0.7126945938707955,0.9874359901902442,0.8078207490411123,0.32850941238256354,0.6855388337550412,0.4421083800177303,0.7140450893308241,0.7922570263081605,0.7821312272364807,-0.21212745941503922,0.7855483721838245,1.0201760993718711,0.8465750369054323
-0.5401815229897733,0.9700022329685012,0.8328060670549936,0.3985247947945368,0.6077525626079328,0.48158460346319665,0.6369299545235374,0.8092629487348215,0.7760469202587988,0.07918862571162544,0.7485488400815746,1.0208275526660398,0.8599834108108426
-0.49741106652585243,1.0266616514460913,0.7960131212291198,0.38603016269884244,0.5981134987346804,0.48246959142662227,0.5950353459687945,0.8277634117706548,0.7347677414452752,0.014147478551336952,0.7612551813836975,1.0261023767459123,0.8874035790944571
-0.5288182611227731,1.05117764098215,0.7920984865691517,0.3201077768758864,0.5034171686425484,0.4610171428132,0.6048334837044237,0.8421842207832333,0.7030719852294762,-0.16617240079525364,0.7150203885243228,1.034177376821769,0.8651681348189446
-0.5598938345856046,0.9057157650762043,0.8852726859308606,0.48836033699326487,0.7376214850311251,0.6044081030795067,0.6986481292780965,0.8589025966825545,0.797013253567067,0.011864204109881683,0.7955674958545756,1.0905072195934993,0.9256624011868638
-0.525802604012342,0.936769559816954,0.9169286943425244,0.4248079129577815,0.7202044545923396,0.6353152603791118,0.7639147414557705,0.8526403943834926,0.824091455380161,-0.2206592283435091,0.8272494418872599,1.1091322652990792,0.8968346155254842
-0.5783743073282291,0.9689125987677193,0.9456490254646751,0.4773730973704725,0.6857072737953139,0.6359318718151672,0.7297027184708489,0.8488482868875772,0.8254639395434563,-0.03368146273687328,0.8040199869517892,1.1584940618840678,0.907762200199616
-0.46700090278959183,0.9841666975971325,0.9377878942286948,0.47651157996970017,0.6292278420562295,0.6785219175550238,0.7147611345980641,0.8394833874252214,0.8276584762120083,-0.047087101743726545,0.795231866964083,1.1594710430903317,0.8816159802016921
-0.6537895771313247,0.9901596857014325,0.9533305351489568,0.4217920760981792,0.7036321014143333,0.6097501051279655,0.6779773885445647,0.8352319068185562,0.7801288223730931,-0.1505511645777171,0.8192451848131801,1.0740316915296908,0.8575479053944302
-0.6176146965565089,0.8735719461439067,0.948291174852632,0.23824363744034843,0.481772623467507,0.5497391498773037,0.45486690205737806,0.7961641524150118,0.6519086036741764,-0.4438898003879449,0.7743534541426337,1.0753989882544863,0.7792652836061009
-0.45718809615953093,0.9531136828379152,0.8780802566578558,0.20162020664023933,0.5340245404703354,0.48860232236547907,0.36775892242181657,0.8976835058917529,0.6644475007550856,-0.5531585725891337,0.7717782950170453,1.0649145251711558,0.744068302104399
-0.4270474197501009,0.9923389541029962,0.9149062592216253,0.2845615058051923,0.6600044796107613,0.497084984361065,0.45750379239778016,0.9430141639273528,0.6984376542450313,-0.5929106246966859,0.7671325133553227,1.0989733301278437,0.7213860211496657
-0.443595964578664,0.9956078567053417,0.96799259236455,0.28003722455888974,0.5793431681684099,0.45864430156510994,0.47788128040810274,0.983461440329134,0.723433562710262,-0.5033181752453557,0.8398994806230625,1.1917062557873215,0.7124694743260931
-0.37944425355650274,0.9700022329685012,1.0097273213688633,0.28887014472285216,0.4244468630946994,0.47531113849169454,0.35825324268656955,1.0239662260363829,0.6713498658138003,-0.3645565534439699,0.9082447832406464,1.264707181852104,0.7737008302588809
-0.5146019015247972,1.0391924447550824,1.0638901890001282,0.18524716837037208,0.3973907687826617,0.4449335339009735,0.36089013302697165,1.0380994885216217,0.699580858457881,-0.5728016114550062,0.8975533085351948,1.282224876198591,0.7507053817170013
-0.49092747598703884,1.0168549436390548,0.9609630571373207,0.07839271282964709,0.33093456740330773,0.33664556883779123,0.17859978983225444,1.099861677262197,0.5100410351722479,-0.7821150821420003,0.8689505115906955,1.2596279130014756,0.7202462875441805
-0.6499213863864163,1.0713354837058477,0.9995506253843782,-0.05345100690246668,0.2521335275822034,0.3286924595510894,0.23647706916331643,1.0493025817599706,0.5282080759844816,-0.9522445456748073,0.8210922369646051,1.2209457372590833,0.728514675668224
-0.6294995934100284,1.0375572134723772,1.0671193941911976,0.023888851286768747,0.3305960359498185,0.3210109996762378,0.16209578088134113,1.1126736283876606,0.4799977722578321,-0.8828398813239243,0.8385001158679136,1.2312998301895846,0.7269952127236208
-0.6080121333905437,1.0500872267998358,1.006922277935131,0.054264966039030645,0.4080446013299097,0.31608072649537866,0.27583174356256657,1.1301971345635327,0.5898955670422095,-0.7867504177184824,0.7610316109989882,1.3242283110783064,0.7557558910448977
-0.5720857880447621,1.1111051820805533,1.0635799335926488,0.32484770045083156,0.6867220424693098,0.3249554800516835,0.3513852480145518,1.2503312683540495,0.7093076808852398,-0.8595056597239791,0.8317274091037362,1.4477639676335636,0.8542852883715479
-0.4747430641684559,1.0479099083521033,1.182848643920524,0.4045575204275396,0.694500834721315,0.4070957164262573,0.4268076232000614,1.302671048326801,0.7252801850289217,-0.7052015735638242,0.847735923251896,1.4555782274037616,0.8628439293812392
-0.4758730324772039,1.1154633288929146,1.29401128453283,0.42286923582759417,0.7912267021614386,0.44147474958237826,0.5366375231859654,1.271646882025837,0.7611804721826854,-0.6469314778691341,0.8401793535740922,1.5165322359011522,0.8983764475834549
-0.34871475095037857,1.1339871103062056,1.3604222709653968,0.49180745851015245,0.7567295213644131,0.5856832763918199,0.45571328186826665,1.2636032939232567,0.7316345150841319,-0.519836966867721,0.9796681416927003,1.4773941620938353,0.9733069758954317
-0.3578057939356573,1.1851983577798866,1.4082243053324077,0.4142519579922744,0.7937632110031922,0.48080696611071916,0.5207526033173828,1.262856374285167,0.7236991919211443,-0.7486459178682486,0.9839782944639303,1.4773289770174207,0.918175840854424
-0.47303799689950116,1.2200658722233726,1.5677764343887877,0.5111963336396219,0.9028330911985943,0.5070856101785326,0.5446125667561689,1.2837694228186791,0.7460691659016533,-0.6648137992721351,1.02002560258045,1.4617648476134835,0.9424452376819943
-0.37843494043161724,1.3557214303130483,1.6820053861463875,0.5816419487950822,1.0234014812020238,0.6716678428767476,0.7057767930374114,1.3939642654251545,0.8284166179296842,-0.41097647697676315,1.1543088631352758,1.5630286714137422,1.0419577848205566
-0.37783744440135214,1.3219435500703438,1.6749758509191583,0.6066322649002693,1.026614227264284,0.6842992132393391,0.7189930336525069,1.4943923447639922,0.8563064867450532,-0.43655070396898155,1.1941065781209659,1.461113791789293,1.0013747572904443
-0.6648067681416175,1.3726092004621016,1.870146814195187,0.5872433897707998,1.0414955745477879,0.7870376753780227,0.912937192384191,1.503297871115598,0.9051223451840297,-0.09254179264091915,1.433118078300388,1.5641360227728354,1.105825968190065
-0.5570378469101054,1.5098999898344823,1.9270167498683484,0.711978276054294,1.0367602626312982,0.9003999205391896,0.9794078096449601,1.438490494517197,0.8694856900290364,-0.09137241885020299,1.462896669615327,1.7286325504551514,1.146207673699869
-0.6062008606603447,1.5169826121395642,1.9288440307534775,0.6999138767020867,1.0452152921038098,0.8230184581987164,1.0113739459204252,1.4093620312976942,0.8973180391355826,-0.21336561989932692,1.456011904345366,1.7077939944413194,1.1102064952931956
-0.6082014247568429,1.5197059176599863,1.9078048110416579,0.6464871748886233,1.029826973326544,0.9130784204382948,1.001510640912972,1.42165710000694,0.8826401278828321,-0.14108744689763283,1.4132470987772745,1.7753901237433782,1.129603790111679
-0.47509202496968694,1.5338711622701502,1.889896821129072,0.512703726112524,0.9948236467222283,0.906207981337618,0.9756646651291994,1.4315388818855135,0.9120039392367806,-0.35697892252310526,1.4565158943079628,1.8121835221496574,1.1108317392912264
-0.2292155448973623,1.6128673018822353,2.113185128766117,0.7249041928072737,1.1791432892229854,1.1026052694902246,1.0840290962218841,1.5344377573604913,1.1440216680454978,-0.1075727946490999,1.5387985419107146,1.7333215037872483,1.2353289492969906
0.0745956530406169,1.586172043944613,1.998271145813569,0.5887518341575,1.185907312800995,1.1620997635699228,1.136144635056287,1.5640831029962121,1.1384118986656027,-0.33506370384377293,1.5247485917929058,1.8237753365920812,1.2264347715867856
0.1336458894924012,1.6733408300533281,2.043186888860935,0.592413546089232,1.3309952882747085,1.274704663262389,1.2120231811445665,1.6238345700443904,1.212294366878571,-0.31816991379516296,1.6848359197819334,1.9248436051630962,1.3444280254838912
0.18772686633576563,1.6471896092345644,2.1073137741870904,0.7630360679940831,1.2968374646176442,1.4069121772601112,1.1929800327609876,1.6204450276867506,1.2200355610242821,-0.11367373058377557,1.6215288769097427,1.9321371792619328,1.3284723005952306
0.4585739120647066,1.6155913873841898,2.0795397419714496,0.7412772310771409,1.2565910289166047,1.3752280371849246,1.301671094935621,1.5829854298373274,1.2006146704481997,-0.20826430994703765,1.493122948326542,1.9544741970933461,1.3491435436994046
0.41142374467519094,1.6068743137779353,2.0775173068505506,0.6613517687717902,1.3227095245289413,1.2786229605619936,1.3403748913394553,1.5303581033372364,1.2369711208483205,-0.21026356191181042,1.5080125172974401,1.869034845532705,1.2977447770619988
0.5494041459569626,1.4826603047872353,2.0386035522379915,0.669538813863623,1.2574365318638558,1.3772722808312101,1.1980908952622311,1.5760338172056438,1.1414428677666169,-0.1637293637106645,1.4535488037255613,1.9031584380958297,1.3223715341153193
0.5556124692798984,1.5948887275601014,2.0397617328861943,0.6031851433833817,1.299711679226415,1.307820363009182,1.2646266797948242,1.565290097078045,1.2290278088368856,-0.34306182116566364,1.4029481021554935,1.8956041236913344,1.2930068897331175
0.4951866192348557,1.568193469622479,2.1330661678297336,0.5988765044657218,1.3487508501669834,1.3389821507213409,1.2720485962773485,1.5896501972746648,1.246366805507527,-0.3488776251608573,1.5366153142419394,1.9000975217941871,1.2581007067051941
0.4700650539768785,1.6014261427740262,2.194551700315833,0.6533814179223985,1.3208492529076945,1.2947628630872783,1.336240743192749,1.5874669476658643,1.2781951766075559,-0.2918124060664687,1.4969291111351752,1.9224993272320368,1.280537473001015
0.666858716259495,1.6951323440966661,2.182580381910164,0.7386916269610257,1.2631857867678695,1.3228147559664232,1.3945090261547566,1.6236620421279866,1.3298374896272886,-0.34785580992248005,1.5147852240616175,1.9472454106009458,1.255821239494224
0.5351848964144632,1.633569961706324,2.1916156247523695,0.6531657755937558,1.1595274557094637,1.1764709993221485,1.4139423834464542,1.6361296387536362,1.3072402329084456,-0.3368920985374164,1.4371483581205884,1.8685789474677805,1.1706107396195138
0.5219597877881,1.6352044130074965,2.1518543431730373,0.7324443109131785,1.2134703786067946,1.191981198873457,1.4273215422411103,1.6380253418350972,1.330518139515023,-0.36074998657874496,1.409217365583932,1.889873401546537,1.1820528139011
0.4812867085622198,1.6597204025435552,2.1649838422269094,0.68224908828796,1.2089051581035213,1.1535941913829761,1.4274510820619317,1.6737617645194631,1.3696826701444704,-0.5465916622786509,1.442802119707504,1.871835021528689,1.2113727200565665
0.8011992324137269,1.7043946247940778,2.374652773850904,0.8625649958437477,1.5261372033629865,1.6359695796398774,1.6550867203267705,1.7086930569272782,1.49860510862193,-0.3689866384025369,1.7384594678738654,2.178882566990374,1.4296832635853365
1.0159647372028053,1.7833895944338645,2.208821855964084,0.9338731803137785,1.504492658187945,1.7796583723938755,1.6639081437078624,1.7552300077117176,1.569119478329396,0.05606963989479118,1.7288322756599275,2.297273769618588,1.5639677790716167
0.9434264071730054,1.815533023375396,2.16124882911864,0.8526559678641685,1.5471063370039932,1.6946091962933674,1.6083419183580812,1.793666562421102,1.4984884714345952,0.01241005980725583,1.7605694310052171,2.2826866214209147,1.5934890072473915
0.8852937281074806,1.8612968798267002,2.0489108820782573,0.7645434604669851,1.4485201979426225,1.624232361317256,1.6597739955611561,1.8021695236344322,1.5433666264737564,0.16695157100651253,1.731631005170225,2.2483674736285457,1.5390284000192807
0.981139460720535,1.793196302240901,1.9622122188785611,0.8265884920295665,1.4456459833338517,1.6911576123206282,1.5840583676524373,1.719953659471095,1.5202708656117843,0.20210268088436836,1.6404481790739835,2.167486307777194,1.5483023070686037
